CpG Site,T-Statistic,P-Value
cg12374721,-1.392913333330204,0.16609879070218017
cg18081940,-1.6759951847867638,0.09621883841581143
cg04475027,-0.190244453253409,0.8494237441382915
